POS Item Number,POS Item Name,POS UPC,Mfg Name,Mfg Item Number,Regular Price
bcus273,6-in-1 LASER Tool Card-black-1,,BC Mini,273,10
acumerudition,Er-u-di-tion,,acumerudition,acumerudition,24.99
adki060701b,Brittany Adorable Kinders Rag Doll,,Adorable Kinders,0607-01B,59.99
adki060701c,Christy Adorable Kinders Rag Doll,,Adorable Kinders,0607-01C,59.99
adki060701e,Evelyn Adorable Kinders Rag Doll,,Adorable Kinders,0607-01E,59.99
adki060701f,Faith Adorable Kinders Rag Doll,,Adorable Kinders,0607-01F,59.99
adki060701i,Ivan Adorable Kinders Rag Doll,,Adorable Kinders,0607-01I,59.99
adki060701j,Jj Adorable Kinders Rag Doll,,Adorable Kinders,0607-01J,59.99
adki060701k,Kathy Adorable Kinders Rag Doll,,Adorable Kinders,0607-01K,59.99
adki060701l,Landon Adorable Kinders Rag Doll,,Adorable Kinders,0607-01L,59.99
adki060701m,Mari Adorable Kinders Rag Doll,,Adorable Kinders,0607-01M,59.99
adki060701n,Natalia Adorable Kinders Rag Doll,,Adorable Kinders,0607-01N,59.99
adki060701o,Opri Adorable Kinders Rag Doll,,Adorable Kinders,0607-01O,59.99
adki060701p,Pia Adorable Kinders Rag Doll,,Adorable Kinders,0607-01P,59.99
adki060701q,Qiana Adorable Kinders Rag Doll,,Adorable Kinders,0607-01Q,59.99
adki060701r,Rena Adorable Kinders Rag Doll,,Adorable Kinders,0607-01R,59.99
adki060701s,Sierra Adorable Kinders Rag Doll,,Adorable Kinders,0607-01S,59.99
adki060701t,Thomas Adorable Kinders Rag Doll,,Adorable Kinders,0607-01T,59.99
adki070801h,Hope Adorable Kinders Rag Doll,,Adorable Kinders,0708-01H,59.99
adki070801v,Vianca Adorable Kinders Rag Doll,,Adorable Kinders,0708-01V,59.99
ador08002,Sandy-06,,Adora,8002,49.95
ador08003,Mary,,Adora,8003,49.95
ador08004,Gloria,,Adora,8004,49.95
ador08005,Molly,,Adora,8005,49.95
ador08006,Erika,,Adora,8006,49.95
ador08007,Carmen,,Adora,8007,49.95
ador08008,Hans,,Adora,8008,49.95
ador08009,Katrina,,Adora,8009,49.95
ador08010,Taylor,,Adora,8010,49.95
ador08011,Jennifer,,Adora,8011,49.95
ador08012,Rachel,,Adora,8012,49.95
ador08013,Maggie,,Adora,8013,49.95
ador08019,Sandy-07,,Adora,8019,49.95
ador08020,Lily,,Adora,8020,49.95
corox5984,Corolle Mon Classique Lila Cherie Baby Doll,7.46775E+11,Corolle,X5984,99.99
corov9933,Corolle Mon Baby Classique Brunette Baby Doll,7.46775E+11,Corolle,V9933,79.99
corov9932,Corolle Mon Baby Classique Blondinette Baby Doll,7.46775E+11,Corolle,V9932,79.99
coroy7397,Corolle Mon Baby Classique Dodo Baby Doll,7.46775E+11,Corolle,Y7397,79.99
corot4556,Corolle Mon Classique Paul Drink & Wet Bath Baby Doll,27084905472,Corolle,T4556,59.99
corot4555,Corolle Mon Classique Emma Drink & Wet Bath Baby Doll,27084905465,Corolle,T4555,59.99
coroy7396,Corolle's Mon Baby Classique Happiness Baby Doll,7.46775E+11,Corolle,Y7396,79.99
corow9026,Corolle's Mon Baby Classique Graceful Pink Baby Doll,7.46775E+11,Corolle,W9026,69.99
corov9075,Corolle's Mon Baby Classique Sky Baby Doll,7.46775E+11,Corolle,V9075,69.99
corov9074,Corolle's Mon Baby Classique Pink Baby Doll,7.46775E+11,Corolle,V9074,69.99
schy9000386,Lego L.o.c. Lennox Watch,8.30659E+11,Corolle,9000386,12.5
coroy8381,Corolle Mademoiselle Corolle Mini Corolline Redhead Doll,7.46775E+11,Corolle,Y8381,19.99
corow9361,Corolle Mademoiselle Corolle Mini Corolline Brunette Doll,7.46775E+11,Corolle,W9361,19.99
corow9360,Corolle Mademoiselle Corolle Mini Corolline Blonde Doll,7.46775E+11,Corolle,W9360,19.99
corow8995,Corolle Mademoiselle Corolle Mini Corolline Coco Doll,7.46775E+11,Corolle,W8995,19.99
corom2134,Corolle Mon Classique Mini Babies,27084567786,Corolle,M2134,12.99
coroy7405,Corolle Mademoiselle Corolle Coquette Brunette Doll,7.46775E+11,Corolle,Y7405,74.99
coroy7404,Corolle Mademoiselle Corolle Coquette Redhead Doll,7.46775E+11,Corolle,Y7404,74.99
coroy7403,Corolle Mademoiselle Corolle Coquette Blonde Doll,7.46775E+11,Corolle,Y7403,74.99
corok7099,Corolle Les Cheries Chloe Ballerina Doll,27084436129,Corolle,K7099,49.99
coroh6384,Corolle Les Cheries Camille Ballerina Doll,27084251258,Corolle,H6384,49.99
corop5119,Corolle Mademoiselle Corolle Hairstyling Head,27084745467,Corolle,P5119,59.99
coroy5461,Corolle Mon Premier Grey Star Pajamas & Cap (12,7.46775E+11,Corolle,Y5461,23.99
coroy5460,Corolle Mon Premier Pink Cardigan & Denim (12,7.46775E+11,Corolle,Y5460,23.99
coroy5459,Corolle Mon Premier Blouse & Cardigan & Pants Set (12,7.46775E+11,Corolle,Y5459,23.99
coroy5458,Corolle Mon Premier Grenadine Blouse & Denim Pants (12,7.46775E+11,Corolle,Y5458,23.99
coroy5457,Corolle Mon Premier Bloomer Happiness (!2,7.46775E+11,Corolle,Y5457,23.99
coroy5456,Corolle Mon Premier Paris Dress & Leggings (12,7.46775E+11,Corolle,Y5456,23.99
coroy5455,Corolle Mon Premier Pink Dress & Woolen Vest (12,7.46775E+11,Corolle,Y5455,23.99
coroy5454,Corolle Mon Premier Pink Dress (12,7.46775E+11,Corolle,Y5454,23.99
corow9043,Corolle Mon Classique Denim Overalls Set (17,7.46775E+11,Corolle,W9043,27.99
corot4559,Corolle Mon Classique Shoes (17,27084905502,Corolle,T4559,14.99
coro45200,Corolle Mon Classique Socks (17,3.14494E+12,Corolle,45200,12.99
coroy5474,Corolle Mon Classique Grey Star Pajamas & Cap (14,7.46775E+11,Corolle,Y5474,26.99
coroy5473,Corolle Mon Classique Paris Cardigan & Denim (14,7.46775E+11,Corolle,Y5473,26.99
coroy5472,Corolle Mon Classique Blouse & Cardigan & Pants (14,7.46775E+11,Y5472,26.99,
corow9038,Corolle Mon Classique Denim Overalls Set (14,7.46775E+11,Corolle,W9038,26.99
coroy7410,Corolle Mademoiselle Corolle Ruffle Dress & Shoes Set,7.46775E+11,Corolle,Y7410,26.99
coroy7411,Corolle Mademoiselle Corolle Striped Dress & Sandals Set,7.46775E+11,Corolle,Y7411,26.99
coroy7408,Corolle Mademoiselle Corolle Party Dress & Shoes Set,7.46775E+11,Y7408,26.99,
corom2196,Corolle Mademoiselle Corolle Ballerina Set,27084568387,Corolle,M2196,26.99
coror7290,Corolle Mon Classique Diapers Set,27084845211,Corolle,R7290,7.99
cra00001,Cranium Game,,Cranium,1,27.99
cra00002,Cranium Booster Box 1,,Cranium,2,14.99
cra00003,Cranium Booster Box 2,,Cranium,3,19.99
cra00004,Cranium Cadoo,,Cranium,4,19.99
cra00009,Cranium Primo Edition,,Cranium,9,49.99
cra00010,Cranium Cadoo Booster Box,,Cranium,10,9.99
cra00015,Cranium Cariboo,,Cranium,15,16.99
cra00017,Cranium Hoopla,,Cranium,17,19.99
cra00099,Cranium Tin Edition,,Cranium,99,39.99
cra00161,Cranium Hullabaloo,,Cranium,161,19.99
cra00162,Cranium Conga,,Cranium,162,19.99
cra01193,The Cranium Big Book Of Outrageous Fun,,Cranium,1193,19.99
cra05759,The Star Performer Book Of Outrageous Fun,,Cranium,5759,14.99
cra05760,The Creative Cat Book Of Outrageous Fun,,Cranium,5760,14.99
cra05761,The Data Head Book Of Outrageous Fun,,Cranium,5761,14.99
cra23185,Cranium Grab and Go Sudoko,,Cranium,23185,9.95
cra34568,Cranium Edicion Latinoamericana,,Cranium,34568,27.95
croc10351,Drinking Bottle Pink Butterfly,7.32396E+11,Crocodile Creek,1035-1,10
croc10352,Drinking Bottle Sunflower,7.32396E+11,Crocodile Creek,1035-2,10
croc10353,Drinking Bottle Stegosaurus,7.32396E+11,Crocodile Creek,1035-3,10
croc10354,Drinking Bottle Firetruck,7.32396E+11,Crocodile Creek,1035-4,10
croc10355,Drinking Bottle Butterfly World,7.32396E+11,Crocodile Creek,1035-5,10
croc10356,Drinking Bottle Colorama Pink,7.32396E+11,Crocodile Creek,1035-6,10
croc10357,Drinking Bottle Vehicles,7.32396E+11,Crocodile Creek,1035-7,10
croc10358,Drinking Bottle Solar System,7.32396E+11,Crocodile Creek,1035-8,10
croc10359,Drinking Bottle/ Horses,7.32396E+11,Crocodile Creek,1035-9,9.99
croc1035asst,Counter Bottle Assortment 40 Pcs,,Crocodile Creek,1035ASST,460
croc1035d,Wire Display Counterdrinking Bottle,,Crocodile Creek,1035-D,60
croc10361,Drinking Bottle Dinosaurs,7.32396E+11,Crocodile Creek,1036-1,10
croc10362,Drinking Bottle Jungle Jive,7.32396E+11,Crocodile Creek,1036-2,10
croc10363,Drinking Bottle/ Hello,7.32396E+11,Crocodile Creek,1036-3,9.99
croc10364,Drinking Bottle/ Animal Tracks,7.32396E+11,Crocodile Creek,1036-4,9.99
croc2000b,Metal Bucket,,Crocodile Creek,2000-B,8
croc2000t,Metal Tub,,Crocodile Creek,2000-T,20
hspn162,Root-Vue Farm,73924034178,,162,34.95
dali12101,Dandelion Reusables Made From Corn Infant Bowl Spoon,98601121019,Dandelion,12101,6.99
dali12102,Dandelion Reusables Made From Corn 6pk Infant Spoons,98601121026,Dandelion,12102,6.99
dali12119,Dandelion Reusables Made From Corn 2pk Plates,98601121194,Dandelion,12119,7.99
dali12120,Dandelion Reusables Made From Corn 2pk Bowls,98601121200,Dandelion,12120,7.99
dali12121,Dandelion Reusables Made From Corn 8pk Utensils,98601121217,Dandelion,12121,7.99
dali12200,Dandelion Classic Organic Toy Frog Rattle,98601122009,Dandelion,12200,9.99
dali12201,Dandelion Classic Organic Toy Duck Squeaker,98601122016,Dandelion,12201,9.99
dali12202,Dandelion Classic Organic Toy Crinkle Book,98601122023,Dandelion,12202,10.99
dali12203,Dandelion Classic Organic Toy Bear Blanket,98601122030,Dandelion,12203,14.99
dali12204,Dandelion Classic Organic Toy Bullseye Squeaker,98601122047,Dandelion,12204,9.99
dali12205,Dandelion Classic Organic Toy Knots Rattle,98601122054,Dandelion,12205,9.99
dali12206,Dandelion Classic Organic Toy Ring Rattle,98601122061,Dandelion,12206,10.99
dali12207,Dandelion Classic Organic Activity Attacher,98601122078,Dandelion,12207,29.99
dali12208,Dandelion Classic Organic Toy Ruffles Rattle,98601122085,Dandelion,12208,10.99
dali12209,Dandelion Classic Organic Developmental Busy Block,98601122092,Dandelion,12209,24.99
dali12210,Dandelion Classic Organic Developmental Sorter,98601122108,Dandelion,12210,34.99
dali12211,Dandelion Classic Organic Developmental Activity Ball,98601122115,Dandelion,12211,14.99
dali12212,Dandelion Classic Organic Developmental Stacker,98601122122,Dandelion,12212,34.99
dali12219,Dandelion Classic Organic Developmental Gyro Ball,98601122191,Dandelion,12219,23.99
dali12221,Dandelion Classic Organic Toy Crinkle Bear,98601122214,Dandelion,12221,9.99
dali12230,Dandelion Pink Organic Toy Bunny Blanket,98601122306,Dandelion,12230,14.99
dali12232,Dandelion Pink Organic Toy Flower Book,98601122320,Dandelion,12232,12.99
dali12234,Dandelion Pink Organic Developmental Busy Block,98601122344,Dandelion,12234,24.99
dali12236,Dandelion Pink Organic Developmental Little House Sorter,98601122368,Dandelion,12236,39.99
dali12237,Dandelion Pink Organic Toy Baby Doll,98601122375,Dandelion,12237,12.99
dali12250,"Dandelion Bamboo Zoo 10"" Plush Bear",98601122504,Dandelion,12250,27.99
dali12251,"Dandelion Bamboo Zoo 10"" Plush Monkey",98601122511,Dandelion,12251,27.99
dali12252,"Dandelion Bamboo Zoo 10"" Plush Giraffe",98601122528,Dandelion,12252,27.99
dali12253,"Dandelion Bamboo Zoo 10"" Plush Lion",98601122535,Dandelion,12253,27.99
dbay1005,Baffle Booster Themes,1.83338E+11,Discovery Bay Games,1005,6.95
dbay1006,Baffle Booster Famous Lines,1.83338E+11,Discovery Bay Games,1006,6.95
dbay1010,Literati Challenge,1.83338E+11,Discovery Bay Games,1010,29.95
dbay1041,BeRhymed,1.83338E+11,Discovery Bay Games,1041,14.95
dbay1042,Bafouiller French Canadian Baffle Gab,1.83338E+11,Discovery Bay Games,1042,29.95
dbay1047,"Martini, The Game",1.83338E+11,Discovery Bay Games,1047,14.95
dbay1048,Heavy Metal Puzzle Assortment Level 5,1.83338E+11,Discovery Bay Games,1048,9.95
dbay1049,Heart 2 Heart,1.83338E+11,Discovery Bay Games,1049,29.95
dbay1050,Scoop,1.83338E+11,Discovery Bay Games,1050,14.95
dbay1053,Potions,1.83338E+11,Discovery Bay Games,1053,14.95
dbay1054,The Name Chase- Historical Figures edition,1.83338E+11,Discovery Bay Games,1054,14.95
dbay1055,Famous Name Us,1.83338E+11,Discovery Bay Games,1055,14.95
dbay1056,Garage Band - The Game,1.83338E+11,Discovery Bay Games,1056,14.95
dbay1099,Heavy Metal Puzzle Assortment Level 6,1.83338E+11,1099,9.95,
dkpb9780744012743,the Sly Collection Official Strategy Guide,9.78074E+12,DK Publishing,9.78074E+12,19.99
dkpb9780756602277,First Animal Encyclopedia,9.78076E+12,DK Publishing,9.78076E+12,16.99
dkpb9780756602314,DK First Atlas,9.78076E+12,DK Publishing,9.78076E+12,16.99
dkpb9780756602338,Ballet,9.78076E+12,DK Publishing,9.78076E+12,6.99
dkpb9780756602345,Bug,9.78076E+12,DK Publishing,9.78076E+12,6.99
dkpb9780756602352,Dinosaur,9.78076E+12,DK Publishing,9.78076E+12,6.99
dkpb9780756602369,Farm,9.78076E+12,DK Publishing,9.78076E+12,6.99
dkpb9780756602376,Shark and Whale,9.78076E+12,DK Publishing,9.78076E+12,6.99
dkpb9780756602390,Truck,9.78076E+12,DK Publishing,9.78076E+12,6.99
dkpb9780756602710,Zoo Animals,9.78076E+12,DK Publishing,9.78076E+12,6.99
dkpb9780756602758,D-day Landings: the Story of the Allied Invasion,9.78076E+12,DK Publishing,9.78076E+12,3.99
dkpb9780756602796,My First Body Board Book,9.78076E+12,DK Publishing,9.78076E+12,5.99
dkpb9780756602802,My First Colors Board Book,9.78076E+12,DK Publishing,9.78076E+12,5.99
dkpb9780756602819,My First Dinosaur Board Book,9.78076E+12,DK Publishing,9.78076E+12,5.99
dkpb9780756602857,Passover,9.78076E+12,DK Publishing,9.78076E+12,6.99
dkpb9780756603014,Glow In the Dark: Spooky Scooby Doo,9.78076E+12,DK Publishing,9.78076E+12,6.99
dkpb9780756603021,Scooby Doo,9.78076E+12,DK Publishing,9.78076E+12,6.99
dkpb9780756603236,Weather,9.78076E+12,DK Publishing,9.78076E+12,10.99
dkpb9780756604370,"Buenos Dias, Bebe!  Good Morning, Baby!",9.78076E+12,DK Publishing,9.78076E+12,5.99
dkpb9780756604387,"Buenas Noches, Bebe!  Good Night, Baby!",9.78076E+12,DK Publishing,9.78076E+12,5.99
dkpb9780756604400,Los Colores  Colors,9.78076E+12,DK Publishing,9.78076E+12,3.99
dkpb9780756604530,My First Baby Animals Touch and Feel,9.78076E+12,DK Publishing,9.78076E+12,9.99
dkpb9780756605025,My First Christmas,9.78076E+12,DK Publishing,9.78076E+12,5.99
dkpb9780756605056,My First Halloween Board Book,9.78076E+12,DK Publishing,9.78076E+12,5.99
dkpb9780756605377,In the Park,9.78076E+12,DK Publishing,9.78076E+12,3.99
dkpb9780756605469,Hanukkah,9.78076E+12,DK Publishing,9.78076E+12,6.99
dkpb9780756605612,Space,9.78076E+12,DK Publishing,9.78076E+12,6.99
dkpb9780756605636,Bulldozer,9.78076E+12,DK Publishing,9.78076E+12,6.99
dkpb9780756605643,Baby Animals,9.78076E+12,DK Publishing,9.78076E+12,6.99
dkpb9780756605650,Dangerous Dinosaurs,9.78076E+12,DK Publishing,9.78076E+12,6.99
dkpb9780756605858,My First Dinosaur,9.78076E+12,DK Publishing,9.78076E+12,9.99
dkpb9780756605889,the Incredibles,9.78076E+12,DK Publishing,9.78076E+12,6.99
dot101,Dot-Art Markers 6-pk Rainbow [Washable],7.57098E+11,Do-Dot-Art,101,14.99
dot103,Dot-Art Markers 6-pk Brilliant [Washable],7.57098E+11,Do-Dot-Art,103,14.99
dot104,Dot-Art Markers 5-pk Shimmer [Washable],7.57098E+11,Do-Dot-Art,104,14.99
dot105,Dot-Art Markers 5-pk Fluorescent,7.57098E+11,Do-Dot-Art,105,15.99
dot106,MINI Dot-Art Markers 6-Pk Jewel Tone [Washable],7.57098E+11,Do-Dot-Art,106,14.99
dot107,MINI Dot-Art Markers 6-Pk Island Bright [Washable],7.57098E+11,Do-Dot-Art,107,14.99
dot201,Dot-Art Markers 4-Pk Rainbow [Washable],7.57098E+11,Do-Dot-Art,201,9.99
dot310,Play and Learn,7.57098E+11,Do-Dot-Art,310,4.99
doug1023,Mini Nuberry Dog Quilti,7.67548E+11,Douglas Co.,1023,6
doug1024,Blue Fizz Horse,7.67548E+11,Douglas Co.,1024,6
doug1026,Calico Horse,7.67548E+11,Douglas Co.,1026,6
doug1027,Hot Pink Flower Dog,7.67548E+11,Douglas Co.,1027,6
doug1029,Circle Game Dog,7.67548E+11,Douglas Co.,1029,6
doug1030,Daisy Dog,7.67548E+11,Douglas Co.,1030,6
doug1031,Purple Swirl Cat,7.67548E+11,Douglas Co.,1031,6
doug1103,Multi FLOWER QUILTI DOG,7.67548E+11,Douglas Co.,1103,15
doug1108,Large BLANCHE NOIRE DOG QUILTI,7.67548E+11,Douglas Co.,1108,15
doug1110,Pink &GREEN QUILTI DOG,7.67548E+11,Douglas Co.,1110,15
doug1111,Large KIWI SPECKS DOG QUILTI,7.67548E+11,Douglas Co.,1111,15
doug1113,Purple QUILTI HORSE,7.67548E+11,Douglas Co.,1113,15
doug1115,Paisley QUILTI HORSE,7.67548E+11,Douglas Co.,1115,15
doug1116,Orange MINI QUILTI DOG,7.67548E+11,Douglas Co.,1116,6
man149770,Imagine I Can - Shape Stack ,11964456673,,149770,6
vino9211001,Circus Electronic Top,220,Vinod enterprizes inc.,9211001,19.99
vino9211002,Train Electronic Top,221,Vinod enterprizes inc.,9211002,19.99
vino9211004,Jay Jay the Jet Plane Medium Top,222,Vinod enterprizes inc.,9211004,8.99
vino9211052,Color Play Choral Top,223,Vinod enterprizes inc.,9211052,15.99
vino9211053,Noahs Ark Choral Top,224,Vinod enterprizes inc.,9211053,15.99
vino9211055,Carousel Choral Top,225,Vinod enterprizes inc.,9211055,15.99
vino92111006,FedEx number11,226,Vinod enterprizes inc.,92111006,8.99
vino92111028,BnG Ultra Speed Firebird,227,Vinod enterprizes inc.,92111028,7.99
vino92111123,Upside Down Overpass,228,Vinod enterprizes inc.,92111123,29.99
vino92111128,Super Starter Speedway,229,Vinod enterprizes inc.,92111128,19.99
vino92111145,Awesome Tower,2211,Vinod enterprizes inc.,92111145,49.99
rich92111175,Custom Cars Challenge,2222,Richestsoft,92111175,29.99
rich92111177,NASCAR Victory Lane Speedway,2233,Richestsoft,92111177,49.99
rich92111189,Create-A-Course Building System,2244,Richestsoft,92111189,99.99
rich92111195,Racetrack Physics,2255,Richestsoft,92111195,59.99
rich92111204,Super Bike Speedway,2266,Richestsoft,92111204,24.99
rich92111237,Jay Jay High Flying Adventure,2277,Richestsoft,92111237,29.99
rich92111239,Jay Jay Super Sky Tag,2288,Richestsoft,92111239,44.99
rich92111599,Jr. Joxx Skateboarder,2299,Richestsoft,92111599,7.99
rich92111604,BnG Ultra Speed Panther,2200,Richestsoft,92111604,7.99
rich92111608,BnG Ultra Speed Porsche 959,22111,Richestsoft,92111608,7.99
rich92111615,BnG Ultra Speed Mustang,22222,Richestsoft,92111615,7.99
rich92111616,BnG Ultra Speed Corvette,22333,Richestsoft,92111616,7.99
rich92111631,BnG Ultra Speed Camaro Z28,22444,Richestsoft,92111631,7.99
parw92111634,Ultra Speed Porsche 911,22555,Parwinder stn,92111634,7.99
parw92111636,Ultra Speed Porsche Boxter,22666,Parwinder stn,92111636,7.99
parw92111638,Ultra Speed BMW Z3,22777,Parwinder stn,92111638,7.99
parw92111639,Ultra Speed Monte Carlo,22888,Parwinder stn,92111639,7.99
parw92111648,Darda Motorcycle,22999,Parwinder stn,92111648,7.99
parw92111659,Ultra Speed Darda Demon,22000,Parwinder stn,92111659,7.99
parw92111687,Ultra Speed Ford Taurus,2201,Parwinder stn,92111687,7.99
parw92111701,Formula 1,2202,Parwinder stn,92111701,7.99
parw92111702,Turbo Racer,223,Parwinder stn,92111702,7.99
parw92111704,Porsche,224,Parwinder stn,92111704,7.99
parw92111705,Camaro,225,Parwinder stn,92111705,7.99
parw92111707,Corvette,226,Parwinder stn,92111707,7.99
parw92111713,Standard Replacement Motor,227,Parwinder stn,92111713,4.99
netoa2124xx,Star Wars Yoda Molded Foam Case,,,,
